{
    "providers": [
        {
            "type": "bitmap",
            "file": "minecraft:font/player.png",
            "ascent": 7,
            "height": 8,
            "chars": [
                "\u00CA"
            ]
        },
        {
            "type": "bitmap",
            "file": "minecraft:font/youtube.png",
            "ascent": 7,
            "height": 8,
            "chars": [
                "\u00D6"
            ]
        },
        {
            "type": "bitmap",
            "file": "minecraft:font/admin.png",
            "ascent": 7,
            "height": 8,
            "chars": [
                "\u00CF"
            ]
        },
        {
            "type": "bitmap",
            "file": "minecraft:font/builder.png",
            "ascent": 7,
            "height": 8,
            "chars": [
                "\u00F7"
            ]
        },
        {
            "type": "bitmap",
            "file": "minecraft:font/twich.png",
            "ascent": 7,
            "height": 8,
            "chars": [
                "\u0190"
            ]
        },		
        {
            "type": "bitmap",
            "file": "minecraft:font/preacher.png",
            "ascent": 7,
            "height": 8,
            "chars": [
                "\u01A6"
            ]
        },
        {
            "type": "bitmap",
            "file": "minecraft:font/governor.png",
            "ascent": 7,
            "height": 8,
            "chars": [
                "\u01FF"
            ]
        },
		{
            "type": "bitmap",
            "file": "minecraft:font/sheriff.png",
            "ascent": 7,
            "height": 9,
            "chars": [
                "\u0142"
            ]
        },
		{
            "type": "bitmap",
            "file": "minecraft:font/judge.png",
            "ascent": 7,
            "height": 9,
            "chars": [
                "\u01A9"
            ]
        },
        {
            "type": "bitmap",
            "file": "minecraft:font/logoinside.png",
            "ascent": 52,
            "height": 145,
            "chars": [
                "\u2152"
            ]
        },
        {
            "type": "bitmap",
            "file": "minecraft:font/space.png",
            "ascent": -32678,
            "height": -3,
            "chars": [
                "\u2154"
            ]
        },
        {
            "type": "bitmap",
            "file": "minecraft:font/microphoneon.png",
            "ascent": 9,
            "height": 10,
            "chars": [
                "\u2155"
            ]
        },
        {
            "type": "bitmap",
            "file": "minecraft:font/microphoneoff.png",
            "ascent": 9,
            "height": 10,
            "chars": [
                "\u2156"
            ]
        }
  ]
}